anchor,model,Om,s8,frac_resid_absmean,frac_resid_absmax,frac_0.25_1,frac_1_8,frac_8_20,frac_20_32,dex_absmean,dex_absmean_sd,dex_absmean_k_lt_nyq64,dex_absmax,r2_logP,r2_rawP
0,DDPM-2,0.3294,0.7498,0.0387775,0.296953,-0.250614,-0.0252099,-0.0215873,0.0360253,0.0172119,0.0103407,0.0258967,0.153016,0.998838,0.934723
0,DDPM-6,0.3294,0.7498,0.127528,0.328246,-0.296356,-0.0203188,0.0807704,0.215254,0.0519659,0.019749,0.0306229,0.17279,0.993558,0.894014
1,DDPM-2,0.2822,0.7242,0.105256,0.195902,0.00768754,-0.130554,-0.141512,-0.0565355,0.0489365,0.0176759,0.0581144,0.0946912,0.995163,0.991499
1,DDPM-6,0.2822,0.7242,0.0876575,0.211102,0.027647,-0.100772,-0.0499429,0.112214,0.0378523,0.00697511,0.0449891,0.0831807,0.996995,0.993783
2,DDPM-2,0.1614,0.8534,0.15301,0.297274,-0.0890756,-0.201941,-0.191166,0.0642506,0.0725357,0.0108276,0.0951695,0.153214,0.990825,0.980374
2,DDPM-6,0.1614,0.8534,0.143602,0.389592,-0.0328349,-0.125877,-0.0585049,0.224197,0.0596923,0.00776638,0.0578238,0.142887,0.993707,0.989911
3,DDPM-2,0.1054,0.7594,0.174679,0.532661,0.0129622,-0.142592,-0.0889975,0.279203,0.0719215,0.013547,0.0628808,0.185446,0.991882,0.991834
3,DDPM-6,0.1054,0.7594,0.436068,1.41112,0.0252199,-0.09952,0.158796,0.911893,0.141515,0.031203,0.0447865,0.382219,0.962045,0.989426
4,DDPM-2,0.2006,0.7474,0.0851922,0.203549,-0.0384238,-0.107592,-0.108919,0.0179055,0.0387974,0.023219,0.0491093,0.098841,0.997045,0.99886
4,DDPM-6,0.2006,0.7474,0.139758,0.40671,-0.0995017,-0.0433863,0.072184,0.253498,0.0556173,0.03166,0.0288202,0.148205,0.993145,0.986964
5,DDPM-2,0.247,0.607,0.0792964,0.178647,0.0300876,-0.125161,-0.0807031,0.0379562,0.0358146,0.00947831,0.0557367,0.0854704,0.997245,0.991202
5,DDPM-6,0.247,0.607,0.100438,0.273398,0.0195394,-0.117417,-0.0338763,0.149574,0.0426791,0.0102379,0.0511088,0.104964,0.995831,0.997293
